0,"0	"
40.51158634,"-74.249303727	"
40.51158634,"-74.249303727	"
40.51262117,"-74.19705971799993	"
40.51728641,"-74.234107729	"
40.5275951,"-74.191657765	"
40.53584695,"-74.186094352	"
40.54710313,"-74.1977803	"
40.55300462,"-74.19928756	"
40.55326368,"-74.145580132	"
40.55363891,"-74.18606113999994	"
40.55391104,"-74.132310009	"
40.55620599,"-74.158135197	"
40.55844929,"-74.113342444	"
40.55956238,"-73.921189736	"
40.56650489,"-74.113762828	"
40.57203603,"-74.124030957	"
40.57376338,"-73.992877757	"
40.57384965,"-74.105496156	"
40.57384965,"-74.105496156	"
40.57390907,"-74.00049459	"
40.5745088,"-74.140950451	"
40.57482548,"-73.99092661	"
40.57487666,"-74.092214888	"
40.57544277,"-73.987794763	"
40.57557363,"-73.981203625	"
40.57599199,"-73.990606073	"
40.5761573,"-73.9759838	"
40.57737962,"-73.96829051999998	"
40.57829116,"-74.101993285	"
40.57859165,"-73.857888242	"
40.57890157,"-74.159045713	"
40.57900485,"-73.960445524	"
40.57916263,"-74.000372232	"
40.57945177,"-73.979607759	"
40.57982925,"-73.973257308	"
40.58230199,"-74.168936095	"
40.58230199,"-74.168936095	"
40.58230199,"-74.16893609499994	"
40.58429656,"-73.968431245	"
40.58564608,"-74.103297018	"
40.58577846,"-73.930371931	"
40.58595831,"-73.98983780899994	"
40.58623141,"-73.816011121	"
40.58663927,"-73.955980192	"
40.58719756,"-74.16212938299998	"
40.58721541,"-73.813452147	"
40.58754182,"-73.954723064	"
40.58766357,"-73.810559779	"
40.58792338,"-73.954805615	"
40.58937364,"-73.787072546	"
40.58989373,"-73.808079899	"
40.58998366,"-73.811003262	"
40.59043398,"-73.981123832	"
40.59094262,"-73.937182415	"
40.59121487,"-73.974055677	"
40.5927532,"-73.940489718	"
40.59348003,"-74.143863859	"
40.59385777,"-74.163135755	"
40.59423893,"-73.936840843	"
40.59621064,"-73.761743909	"
40.59653482,"-73.77834999599996	"
40.59763735,"-73.786588876	"
40.59800005,"-73.994293944	"
40.59877423,"-74.000739641	"
40.59899598,"-73.95499617599995	"
40.59912277,"-73.964319091	"
40.60017155,"-73.944282227	"
40.60062955,"-73.993937213	"
40.60126977,"-73.977390009	"
40.60166399,"-74.01086968299995	"
40.60274595,"-73.750077865	"
40.60295159,"-73.749976261	"
40.60321927,"-73.981217451	"
40.60353715,"-73.978329165	"
40.60388715,"-73.942543318	"
40.60419489,"-74.120763117	"
40.60533153,"-74.002309898	"
40.60689846,"-73.963306537	"
40.60889096,"-74.153235851	"
40.60958396,"-73.958439342	"
40.61071713,"-73.920985283	"
40.61133069,"-73.91169586599993	"
40.6124146,"-73.98294369	"
40.61257282,"-74.033879309	"
40.61277922,"-73.935353793	"
40.61436365,"-74.068202024	"
40.61523844,"-74.089389146	"
40.61558364,"-73.965394462	"
40.61570108,"-73.93300972899993	"
40.61652627,"-74.030484684	"
40.61677511,"-73.95787295899999	"
40.61678787,"-74.027127779	"
40.6169241,"-74.138803192	"
40.61782417,"-73.930680697	"
40.61787589,"-74.082444386	"
40.6186565,"-74.068210013	"
40.61898167,"-74.086670989	"
40.6190005,"-73.964081535	"
40.61904433,"-74.006953453	"
40.61995005,"-74.166823273	"
40.62039496,"-73.938426257	"
40.6221539,"-74.027284856	"
40.6221539,"-74.027284856	"
40.6221539,"-74.02728485599994	"
40.62321687,"-73.95714483	"
40.62344059,"-74.131511239	"
40.62351283,"-73.943344151	"
40.62529038,"-73.960468529	"
40.62550381,"-73.939916551	"
40.62835544,"-74.078624185	"
40.62859406,"-73.92111903	"
40.6288601,"-73.956986295	"
40.62888886,"-74.030317405	"
40.62912887,"-73.94374647999997	"
40.62931808,"-74.007030179	"
40.62954335,"-73.94378215699999	"
40.62962513,"-73.972340296	"
40.63025096,"-74.163213908	"
40.63036655,"-73.97371261299998	"
40.631165,"-74.146913753	"
40.63157679,"-73.912349998	"
40.6317904,"-74.029133413	"
40.63282609,"-73.928863703	"
40.63307135,"-74.136829995	"
40.63341834,"-73.948239227	"
40.63417962,"-74.02370129	"
40.63430283,"-74.02513168499998	"
40.63448986,"-73.976661775	"
40.63622418,"-74.000884178	"
40.63626622,"-73.914112917	"
40.63655709,"-73.925833184	"
40.63695863,"-74.029964371	"
40.63696283,"-74.11755085	"
40.6370139,"-74.02846913	"
40.6374449,"-73.948142424	"
40.63786797,"-74.008890277	"
40.63930383,"-73.99843045899996	"
40.63930596,"-73.948339154	"
40.63948303,"-73.945449264	"
40.63956595,"-74.017858834	"
40.63984776,"-73.950810531	"
40.63996998,"-74.013877397	"
40.64013444,"-73.895223466	"
40.64036558,"-74.097879593	"
40.64042368,"-73.997266588	"
40.64077717,"-74.094752571	"
40.64090351,"-74.11566608	"
40.64101931,"-74.00202647699997	"
40.64147052,"-73.980248211	"
40.64180589,"-73.953432295	"
40.64270648,"-74.07671690299998	"
40.64276509,"-73.964720951	"
40.642836,"-73.955496304	"
40.64294582,"-74.008991848	"
40.64337123,"-74.087538657	"
40.64341236,"-73.990138952	"
40.64384331,"-73.948825705	"
40.64422517,"-73.882086103	"
40.6442741,"-74.01119372899994	"
40.64472613,"-74.077483159	"
40.64521822,"-74.01200107	"
40.64580339,"-73.91283219999997	"
40.6458349,"-73.952622294	"
40.64685228,"-73.913331727	"
40.64712835,"-74.088181423	"
40.64723261,"-73.911756459	"
40.64733013,"-73.896999556	"
40.64768407,"-73.976801306	"
40.64778542,"-73.975806668	"
40.6479541,"-73.969489426	"
40.64929346,"-73.897911868	"
40.64979005,"-73.935505327	"
40.64981867,"-73.844781065	"
40.65030598,"-73.959343748	"
40.65055482,"-73.890590656	"
40.65056685,"-73.980912217	"
40.65081539,"-73.949573551	"
40.65082569,"-73.932235683	"
40.65139047,"-73.960200798	"
40.65163574,"-73.932811474	"
40.6517009,"-73.868446751	"
40.65175167,"-73.965242361	"
40.65201266,"-73.977138563	"
40.65215315,"-73.959151617	"
40.65265173,"-73.94977037699994	"
40.65386413,"-73.834676947	"
40.65421464,"-73.959575625	"
40.65434678,"-73.947033675	"
40.65450727,"-73.88221208999995	"
40.65465678,"-73.960242097	"
40.65525788,"-73.952961589	"
40.65534511,"-73.951512704	"
40.65576217,"-73.958125854	"
40.65598231,"-73.930835669	"
40.65631324,"-74.00244501699996	"
40.65641756,"-74.00035464499997	"
40.6565925,"-73.96216914	"
40.65705786,"-73.917711907	"
40.65710398,"-73.95024997899996	"
40.65741607,"-73.898807685	"
40.65772763,"-73.77009494399994	"
40.65806801,"-73.934963905	"
40.6583017,"-73.92231293599998	"
40.65858609,"-73.890624339	"
40.65921172,"-73.997424407	"
40.6594133,"-73.832233921	"
40.65958778,"-73.998804826	"
40.65968103,"-73.890381058	"
40.66000394,"-73.961186838	"
40.66016088,"-73.884278185	"
40.66021607,"-73.949123116	"
40.66043663,"-73.939773355	"
40.66067586,"-73.91085922	"
40.66070636,"-73.941214844	"
40.6609699,"-73.93136754499993	"
40.66107632,"-73.958821762	"
40.66109684,"-73.919703735	"
40.66167867,"-73.93726358499998	"
40.66239762,"-73.96190993499994	"
40.66292775,"-73.989988286	"
40.66297816,"-73.93451216499993	"
40.66334124,"-73.96017925	"
40.66358718,"-73.924988517	"
40.66368703,"-73.93577664499998	"
40.66384901,"-73.894822162	"
40.66388988,"-73.91070714	"
40.66396316,"-73.950190796	"
40.66398576,"-73.979034035	"
40.66401143,"-73.883900242	"
40.66405447,"-73.9218773	"
40.66410563,"-73.90930830099995	"
40.66525277,"-73.8961212	"
40.66540062,"-73.94257323899996	"
40.6655103,"-73.78490104699993	"
40.66573451,"-73.980900668	"
40.66592005,"-73.943917312	"
40.66597003,"-73.757954992	"
40.66616985,"-73.95670270399995	"
40.6664944,"-73.921622116	"
40.66673558,"-73.86976163699995	"
40.66708692,"-73.899932091	"
40.66712415,"-73.834651291	"
40.66749346,"-73.897170283	"
40.66757342,"-73.907295766	"
40.66757342,"-73.907295766	"
40.66787949,"-73.87921818799998	"
40.66808166,"-73.807883765	"
40.66828047,"-73.902626646	"
40.66834957,"-73.90651606299997	"
40.6683631,"-73.933948143	"
40.66840202,"-73.771427958	"
40.66844212,"-73.924121524	"
40.6688972,"-73.898480256	"
40.66896313,"-73.79848715999998	"
40.66902258,"-73.959159311	"
40.66912193,"-73.953355548	"
40.66913242,"-73.86555017	"
40.66917997,"-73.98630686099993	"
40.66943238,"-73.889481854	"
40.6697079,"-73.73408826699995	"
40.66975153,"-73.881954461	"
40.66987419,"-73.88112152899998	"
40.66996861,"-73.789778436	"
40.67005407,"-73.92117454	"
40.67016824,"-73.915727489	"
40.67016824,"-73.915727489	"
40.67027628,"-73.867299821	"
40.67027731,"-73.79199445	"
40.67065507,"-73.91339092	"
40.67080424,"-73.918451972	"
40.67110691,"-73.881432957	"
40.67119137,"-73.969334602	"
40.67127281,"-73.77407494	"
40.67132761,"-73.890881022	"
40.67135914,"-73.961338848	"
40.67140715,"-73.92948225299993	"
40.67155978,"-73.932254272	"
40.67202488,"-73.977308347	"
40.67213834,"-73.91121881499998	"
40.67214849,"-73.755333393	"
40.67261257,"-73.95163714	"
40.67270572,"-73.872424874	"
40.67311344,"-73.927930299	"
40.67317201,"-73.939040855	"
40.67320596,"-73.846067701	"
40.67324597,"-73.964989625	"
40.67324821,"-73.991194414	"
40.67362205,"-73.92083866	"
40.67370958,"-74.004432027	"
40.67408041,"-73.92923067799995	"
40.67413101,"-73.880803906	"
40.67429665,"-73.84890237099995	"
40.67480756,"-74.001883301	"
40.67483426,"-73.91942042	"
40.67511979,"-73.971859976	"
40.67523716,"-74.017587189	"
40.67572775,"-73.921495901	"
40.67590177,"-73.93184248	"
40.67596034,"-74.003350632	"
40.6760516,"-73.934611088	"
40.6763141,"-73.820287106	"
40.67642049,"-73.87849971	"
40.67656827,"-73.791945987	"
40.67673047,"-73.947073582	"
40.67673715,"-74.000873901	"
40.67695935,"-74.00562917199994	"
40.67701263,"-73.781428173	"
40.67721936,"-74.014166357	"
40.67740117,"-73.992798194	"
40.6774352,"-73.945616509	"
40.67744384,"-73.952744049	"
40.67769491,"-73.956010225	"
40.67828883,"-73.958847187	"
40.67849221,"-73.894607988	"
40.67941699,"-73.894379389	"
40.67963079,"-73.820930738	"
40.67967007,"-73.93613621099996	"
40.67970041,"-73.776047368	"
40.67998074,"-73.77623390699993	"
40.67998074,"-73.77623390699993	"
40.67998074,"-73.77623390699993	"
40.68007746,"-73.943620582	"
40.68034722,"-73.93003524099998	"
40.68039923,"-73.8799887	"
40.68039923,"-73.87998869999996	"
40.68057972,"-73.974316558	"
40.68057972,"-73.974316558	"
40.68057972,"-73.974316558	"
40.68068239,"-73.88581814	"
40.6806998,"-73.98631891799994	"
40.68093947,"-73.738838715	"
40.68141322,"-73.927257927	"
40.68200096,"-73.948223153	"
40.68215555,"-73.812047228	"
40.68249473,"-73.796823788	"
40.68250329,"-73.987858098	"
40.6828166,"-73.851129311	"
40.68297718,"-73.980841648	"
40.68301038,"-73.883506611	"
40.68336197,"-73.834441568	"
40.68336304,"-73.974867134	"
40.68361792,"-73.859748445	"
40.68376561,"-73.970987385	"
40.68381064,"-73.929238379	"
40.68395496,"-73.954030234	"
40.68409304,"-73.995068995	"
40.68410498,"-73.76464246799998	"
40.68443674,"-73.8280209	"
40.6844699,"-73.939787706	"
40.6846079,"-73.811146121	"
40.6851386,"-73.991549804	"
40.68525325,"-73.92317934599998	"
40.68528016,"-73.914623089	"
40.68555882,"-73.783769094	"
40.68578484,"-73.867795388	"
40.68596456,"-73.873848999	"
40.6861139,"-73.958063527	"
40.68650412,"-73.922070948	"
40.68651297,"-73.809597472	"
40.6868468,"-73.95820729499997	"
40.68696813,"-73.787381101	"
40.68705866,"-73.959642253	"
40.68714381,"-73.968638567	"
40.68725304,"-73.788573704	"
40.68733563,"-73.8751553	"
40.68739746,"-73.91241724999998	"
40.68815412,"-73.946855378	"
40.6883295,"-73.850085738	"
40.68887215,"-73.944529032	"
40.68887215,"-73.944529032	"
40.68894718,"-73.946476131	"
40.68933015,"-73.94968144799998	"
40.68933015,"-73.94968144799998	"
40.6896155,"-73.924393112	"
40.68971576,"-73.922442208	"
40.69002708,"-73.992209067	"
40.69008097,"-73.960559932	"
40.6904179,"-73.903596768	"
40.69056985,"-73.985105296	"
40.69060018,"-73.971352218	"
40.690629,"-73.957927268	"
40.69064601,"-73.922109378	"
40.69077463,"-73.910274482	"
40.69174076,"-73.815719979	"
40.69179645,"-73.94124513099996	"
40.69220313,"-73.98627328599997	"
40.69221428,"-73.798550312	"
40.69225908,"-73.950263416	"
40.69248291,"-73.92728912299998	"
40.69349759,"-73.97916899999996	"
40.69354724,"-73.980550122	"
40.69367077,"-73.852165275	"
40.69373368,"-73.851992042	"
40.69438807,"-73.98719600899994	"
40.69441189,"-73.980849181	"
40.69445256,"-73.978000308	"
40.6945423,"-73.99336251	"
40.69458629,"-73.95614332699995	"
40.69460248,"-73.973124729	"
40.69587058,"-73.924010972	"
40.69633176,"-73.920043564	"
40.69699456,"-73.93522525599997	"
40.69705693,"-73.839214759	"
40.69707097,"-73.80561841799994	"
40.69754267,"-73.950064733	"
40.6978408,"-73.936760733	"
40.69805448,"-73.914841143	"
40.69810842,"-73.97715882199996	"
40.6982852,"-73.927062807	"
40.69843159,"-73.992550689	"
40.69873677,"-73.831568765	"
40.69873677,"-73.831568765	"
40.69892254,"-73.814910326	"
40.69942995,"-73.889410489	"
40.69949311,"-73.749462738	"
40.69980417,"-73.902598636	"
40.700043,"-73.920504347	"
40.70006222,"-73.924583226	"
40.7001185,"-73.830454483	"
40.70025461,"-73.92088277299997	"
40.70059354,"-73.960849445	"
40.70068806,"-73.938485542	"
40.70115517,"-73.74266539599995	"
40.70130136,"-73.82851116199998	"
40.70165383,"-73.88445501399997	"
40.70181466,"-73.90752585799999	"
40.70187878,"-73.821945735	"
40.70190569,"-73.98473489499997	"
40.70198279,"-73.98672209299998	"
40.70213174,"-73.820466364	"
40.70240562,"-73.808185184	"
40.70276251,"-73.94845949199998	"
40.7031682,"-73.732317388	"
40.70346149,"-73.926516148	"
40.7034783,"-73.889227048	"
40.70394624,"-73.920770192	"
40.70396896,"-73.940206502	"
40.70412914,"-73.947870547	"
40.70413314,"-73.909917476	"
40.70414311,"-74.011575273	"
40.70426739,"-73.89355376	"
40.70426739,"-73.89355375999997	"
40.70496048,"-73.80461077599993	"
40.70502402,"-74.012978441	"
40.70534732,"-73.941157446	"
40.70576833,"-73.920129629	"
40.70590213,"-73.911675191	"
40.70613828,"-73.898474037	"
40.70626863,"-73.906545845	"
40.70636327,"-73.931897899	"
40.7067293,"-73.74990442999997	"
40.70730025,"-73.800524563	"
40.70754637,"-74.01377604799995	"
40.70760732,"-74.007734563	"
40.70763995,"-73.915842428	"
40.70773047,"-73.80983624	"
40.70808589,"-73.751479165	"
40.70834399,"-73.79468905999995	"
40.70880653,"-74.01084748199997	"
40.70890793,"-73.95471998599999	"
40.70945998,"-73.943141254	"
40.70998449,"-73.996441344	"
40.71009385,"-74.01060963	"
40.71016281,"-74.005844791	"
40.71065931,"-73.989865694	"
40.71139252,"-73.844965928	"
40.71152551,"-73.980851479	"
40.71179507,"-73.745650681	"
40.71209601,"-73.814022468	"
40.71223312,"-73.939578665	"
40.71256428,"-73.991120686	"
40.71283239,"-73.783096259	"
40.7133976,"-73.76347852199996	"
40.71382982,"-74.00556375	"
40.71405327,"-73.768717495	"
40.71415854,"-73.731248795	"
40.71454083,"-73.912890206	"
40.71575136,"-73.906023918	"
40.71583282,"-73.986297278	"
40.71585849,"-73.835255466	"
40.71624242,"-73.753598731	"
40.71634415,"-74.001253193	"
40.71650772,"-73.983919899	"
40.71651456,"-73.975893551	"
40.71651456,"-73.975893551	"
40.71664103,"-73.93923196999998	"
40.71674489,"-74.000376613	"
40.71761772,"-74.001285683	"
40.71812038,"-73.957430126	"
40.71823255,"-74.00024675199995	"
40.71856407,"-73.98820145399996	"
40.71879213,"-73.8133364	"
40.71902258,"-73.838689188	"
40.71913512,"-74.01034772199995	"
40.71917623,"-73.948533379	"
40.71977264,"-73.864852772	"
40.71988104,"-73.904578691	"
40.72022197,"-74.01109465399996	"
40.72025522,"-74.00709028	"
40.72025522,"-74.00709028	"
40.72037854,"-73.818443873	"
40.7209903,"-73.98695279899994	"
40.72128628,"-73.983449757	"
40.72144941,"-73.974838343	"
40.72153039,"-73.982266398	"
40.72158996,"-73.977569259	"
40.72187752,"-74.004204344	"
40.72189174,"-73.849476312	"
40.72236369,"-73.85147389399998	"
40.722984,"-73.950330679	"
40.72326047,"-73.989416422	"
40.72365859,"-73.9910218	"
40.72380961,"-73.99180465899997	"
40.72411117,"-73.753360387	"
40.72441101,"-73.999857137	"
40.72466071,"-74.003879819	"
40.72480073,"-73.997317247	"
40.72499161,"-73.982795824	"
40.72519694,"-73.979584814	"
40.72529835,"-73.856200822	"
40.72564989,"-73.805845335	"
40.72570983,"-73.86984842499999	"
40.72571287,"-73.740312047	"
40.72571378,"-73.95391845	"
40.72640641,"-73.997107926	"
40.72688262,"-73.952871348	"
40.72725141,"-73.990086862	"
40.72762375,"-73.95297906399996	"
40.72812453,"-73.994502894	"
40.72861329,"-73.851304821	"
40.72923632,"-73.86698757799998	"
40.72935218,"-73.807245296	"
40.72949082,"-73.987030512	"
40.72949916,"-73.987950564	"
40.729813,"-73.82420551999998	"
40.72983718,"-73.99305230899995	"
40.7298831,"-73.985186712	"
40.72993936,"-73.81043314199997	"
40.73002835,"-73.983545004	"
40.7300348,"-73.943336575	"
40.73018554,"-73.86192353299998	"
40.73129331,"-73.810905566	"
40.73166766,"-73.989415087	"
40.7317257,"-74.004367333	"
40.7321511,"-74.00528745	"
40.73258664,"-73.88936628699997	"
40.73285578,"-73.863884488	"
40.73295749,"-73.98743395999998	"
40.73315897,"-73.738893848	"
40.73338284,"-73.734765103	"
40.73364363,"-73.98693228099995	"
40.73368468,"-73.985961646	"
40.73392684,"-73.871582398	"
40.73392684,"-73.87158239799999	"
40.73430043,"-73.95662596199998	"
40.73441689,"-73.865663809	"
40.73442881,"-73.77907844999999	"
40.73461562,"-73.87392287599994	"
40.7346458,"-73.99033113	"
40.73491422,"-73.985077344	"
40.73535665,"-73.989919672	"
40.73586703,"-73.804891813	"
40.73595559,"-73.933718764	"
40.7363998,"-73.920049611	"
40.73669807,"-73.983316026	"
40.73686899,"-73.989706546	"
40.73696365,"-73.897301231	"
40.73733184,"-73.897748115	"
40.73756179,"-73.978054637	"
40.73863674,"-73.779190797	"
40.73864538,"-73.864652107	"
40.7387092,"-73.86761098999993	"
40.73875476,"-74.008856831	"
40.73881225,"-73.873835548	"
40.73916132,"-74.001105672	"
40.73945547,"-73.864982452	"
40.73961431,"-73.84921254	"
40.73967332,"-73.87820393599996	"
40.73972434,"-73.976476965	"
40.73975965,"-74.002523863	"
40.74073686,"-73.813556395	"
40.74126644,"-74.005053609	"
40.74166847,"-73.981088208	"
40.74172252,"-73.906333724	"
40.74184777,"-73.87877374799997	"
40.74219698,"-73.97468255	"
40.74241351,"-73.753473073	"
40.74263788,"-73.895174142	"
40.74351161,"-73.994227355	"
40.74352503,"-73.972870423	"
40.74375406,"-73.903526812	"
40.74390978,"-73.916651906	"
40.74417307,"-73.993740104	"
40.74475547,"-73.86488148999997	"
40.74510134,"-73.976623031	"
40.74525274,"-73.87006287	"
40.74537346,"-73.888334558	"
40.74602844,"-73.99239379399995	"
40.74624511,"-73.898943436	"
40.74670992,"-73.977412835	"
40.7474439,"-73.984248071	"
40.74815352,"-73.713456048	"
40.74834576,"-73.86269071799995	"
40.74894067,"-73.871600375	"
40.74897235,"-73.891749959	"
40.74924905,"-73.978646292	"
40.74942007,"-73.983850601	"
40.74973364,"-73.989675685	"
40.75027833,"-73.862914112	"
40.75039165,"-73.878267351	"
40.75043077,"-73.989282176	"
40.75043077,"-73.98928217599996	"
40.75092782,"-73.992530384	"
40.75093623,"-74.004043765	"
40.75102862,"-73.98478860599994	"
40.75167399,"-73.767843373	"
40.75176873,"-73.894149181	"
40.75184033,"-73.97999532399997	"
40.75184207,"-73.820419015	"
40.75226363,"-73.983882395	"
40.75252647,"-73.877711227	"
40.75252677,"-73.968795471	"
40.75295911,"-74.004051106	"
40.75310707,"-73.908912824	"
40.75324237,"-73.872205671	"
40.75331051,"-74.00008085399996	"
40.75346408,"-73.994399743	"
40.75383144,"-73.98856336499993	"
40.753836,"-73.872901141	"
40.75394592,"-73.969206275	"
40.75401807,"-73.948390961	"
40.75434026,"-73.917252453	"
40.75466686,"-73.885207664	"
40.7546828,"-73.964178021	"
40.75491564,"-73.972475966	"
40.75559561,"-73.738105662	"
40.75560774,"-73.994695538	"
40.75570199,"-73.822707845	"
40.75592318,"-73.864299367	"
40.75624055,"-73.926728637	"
40.75659468,"-73.875603018	"
40.75664204,"-73.988371577	"
40.75664456,"-73.986285275	"
40.75674254,"-73.86551410899993	"
40.75686098,"-73.87565666399996	"
40.75687491,"-73.970544057	"
40.75724053,"-73.989793637	"
40.75778456,"-73.86235722699998	"
40.757839,"-73.991212111	"
40.757839,"-73.99121211099998	"
40.75822826,"-73.986122517	"
40.75823237,"-73.977430585	"
40.75823242,"-73.917406441	"
40.75831267,"-73.834045922	"
40.75848871,"-73.93152696	"
40.75852305,"-73.829623603	"
40.75855875,"-73.82963795	"
40.75855875,"-73.82963794999995	"
40.75915016,"-73.960843907	"
40.75926097,"-73.912687337	"
40.75930273,"-73.80224586	"
40.7593289,"-73.97129739199994	"
40.75934698,"-73.877529051	"
40.7594362,"-73.884177906	"
40.75991355,"-73.986291821	"
40.7601542,"-73.918046587	"
40.76018548,"-73.767842585	"
40.76018548,"-73.767842585	"
40.7603241,"-73.843516439	"
40.76041323,"-73.987475708	"
40.76046491,"-73.983732411	"
40.7605308,"-73.918843874	"
40.76066661,"-73.938744199	"
40.76073795,"-73.975603207	"
40.76088505,"-73.875912663	"
40.76090739,"-73.91964117	"
40.76091245,"-73.91521921799993	"
40.76093677,"-73.969134458	"
40.76105888,"-73.996759886	"
40.76131858,"-73.8232488	"
40.76144679,"-73.769942697	"
40.76170399,"-73.949821703	"
40.76186491,"-73.985078526	"
40.76233151,"-73.87089230299993	"
40.76292445,"-73.985648647	"
40.76359207,"-73.96363535599994	"
40.76397622,"-73.97324113499997	"
40.76408825,"-73.915392061	"
40.76432235,"-73.995774215	"
40.76481827,"-73.985189773	"
40.76481827,"-73.985189773	"
40.76485126,"-73.878536941	"
40.76672942,"-73.91269198599997	"
40.76727893,"-73.921081132	"
40.76762756,"-73.95768007299995	"
40.76815065,"-73.767793158	"
40.76828533,"-73.811490077	"
40.76877242,"-73.917660523	"
40.768987,"-73.90745425	"
40.76899132,"-73.95668640399998	"
40.76948344,"-73.77835203699995	"
40.77190656,"-73.899882902	"
40.77199318,"-73.986469853	"
40.77237371,"-73.830071959	"
40.77241291,"-73.931729267	"
40.77322237,"-73.91867315999998	"
40.77446148,"-73.949674893	"
40.77449066,"-73.984646049	"
40.77461361,"-73.914414686	"
40.77471397,"-73.933384126	"
40.77548907,"-73.98020485399996	"
40.77577283,"-73.954750345	"
40.77630457,"-73.982139885	"
40.77716128,"-73.922979445	"
40.77787059,"-73.95677811599995	"
40.77916808,"-73.95478414599995	"
40.78193995,"-73.795126541	"
40.78226834,"-73.94544422899996	"
40.78246396,"-73.844074654	"
40.78391606,"-73.947335042	"
40.78405117,"-73.948703506	"
40.78450737,"-73.975482557	"
40.78551835,"-73.952183462	"
40.78589019,"-73.948828479	"
40.78612331,"-73.94261356399994	"
40.78713454,"-73.944999678	"
40.78732437,"-73.980215781	"
40.78794951,"-73.976680214	"
40.78858493,"-73.927288899	"
40.78872124,"-73.939996774	"
40.78872779,"-73.947804311	"
40.78874325,"-73.845616403	"
40.78874407,"-73.97053357	"
40.78874407,"-73.97053357	"
40.78884506,"-73.946175538	"
40.78889046,"-73.783567119	"
40.78902719,"-73.972187409	"
40.7896826,"-73.969850617	"
40.78991465,"-73.976242555	"
40.79043051,"-73.944050782	"
40.79052894,"-73.97380466999994	"
40.79115187,"-73.884371919	"
40.79115187,"-73.884371919	"
40.79115187,"-73.884371919	"
40.79115187,"-73.884371919	"
40.79124033,"-73.93889302799995	"
40.7918807,"-73.968246146	"
40.79199993,"-73.948747942	"
40.79225442,"-73.848172395	"
40.79481676,"-73.944408254	"
40.79501284,"-73.936137525	"
40.79506072,"-73.974817746	"
40.79657114,"-73.967185687	"
40.79657114,"-73.967185687	"
40.79748667,"-73.948794283	"
40.79829475,"-73.939771437	"
40.79848316,"-73.949147471	"
40.79861899,"-73.952275183	"
40.7986333,"-73.941620371	"
40.79884121,"-73.95201858499998	"
40.79897078,"-73.94137447199995	"
40.79908632,"-73.947619211	"
40.79908632,"-73.947619211	"
40.79908632,"-73.94761921099996	"
40.79918423,"-73.951844971	"
40.79923249,"-73.933056198	"
40.79927186,"-73.93003305499997	"
40.79985145,"-73.952458505	"
40.80022203,"-73.930848342	"
40.80097708,"-73.953176474	"
40.80264049,"-73.94707461199994	"
40.80292022,"-73.95286085999999	"
40.80327136,"-73.968399644	"
40.8034245,"-73.95801490799995	"
40.80404658,"-73.937667609	"
40.80476558,"-73.955124358	"
40.80518201,"-73.9186305	"
40.80536404,"-73.93766276299993	"
40.80544252,"-73.959826942	"
40.80545562,"-73.945013437	"
40.80661338,"-73.92900668899993	"
40.80817403,"-73.911543091	"
40.80837414,"-73.946885823	"
40.80841775,"-73.95247405999999	"
40.80849727,"-73.935398508	"
40.80851333,"-73.921465721	"
40.80851333,"-73.92146572099993	"
40.8087499,"-73.95258580599993	"
40.80915355,"-73.935907215	"
40.80987346,"-73.927955613	"
40.81029205,"-73.894178931	"
40.81070267,"-73.91621424499994	"
40.81070267,"-73.91621424499994	"
40.81077277,"-73.95259159	"
40.81079991,"-73.935056702	"
40.81209582,"-73.883302349	"
40.81226766,"-73.95708452099996	"
40.81227241,"-73.861796587	"
40.81273051,"-73.95447234	"
40.81297521,"-73.916092168	"
40.81310343,"-73.941495689	"
40.81324162,"-73.909076182	"
40.81341444,"-73.94321139999995	"
40.81366126,"-73.948626496	"
40.81377515,"-73.940053664	"
40.81380644,"-73.90494257099994	"
40.81390337,"-73.95671859099998	"
40.81428694,"-73.92364456	"
40.81433047,"-73.811142896	"
40.81461223,"-73.91395501999993	"
40.81463174,"-73.946107719	"
40.81468003,"-73.916566891	"
40.81468003,"-73.916566891	"
40.8148472,"-73.89908132	"
40.81485029,"-73.956681848	"
40.81491199,"-73.856606903	"
40.81540205,"-73.887660704	"
40.81559988,"-73.849336624	"
40.81575439,"-73.918216561	"
40.81631908,"-73.91720429499998	"
40.81667027,"-73.938992513	"
40.81676555,"-73.89576548799994	"
40.8168006,"-73.947240377	"
40.81686833,"-73.88274844899996	"
40.81687244,"-73.85068492699997	"
40.81700469,"-73.89923701099997	"
40.81713805,"-73.914854954	"
40.81724436,"-73.88827899699999	"
40.81786439,"-73.887992542	"
40.81787845,"-73.939952422	"
40.81794606,"-73.902346246	"
40.81862581,"-73.889169061	"
40.81911859,"-73.939037236	"
40.81912707,"-73.91739228599994	"
40.81930745,"-73.902355087	"
40.81943534,"-73.91117405499993	"
40.81944886,"-73.94078197699997	"
40.81989695,"-73.923341862	"
40.82015718,"-73.95311601	"
40.82034874,"-73.940022452	"
40.82050306,"-73.821285109	"
40.82051506,"-73.853111908	"
40.82100076,"-73.89588169699994	"
40.82121493,"-73.87649387	"
40.82121493,"-73.87649387	"
40.8212328,"-73.872732676	"
40.82123684,"-73.943092722	"
40.8214065,"-73.919250169	"
40.82183394,"-73.900729117	"
40.82186241,"-73.942640554	"
40.82229849,"-73.911694131	"
40.8223818,"-73.89637091599997	"
40.82243967,"-73.86715175299997	"
40.82256992,"-73.911307169	"
40.82265961,"-73.95130047099997	"
40.82284466,"-73.941917086	"
40.82293702,"-73.940052637	"
40.82299158,"-73.89687219	"
40.82299279,"-73.85687854	"
40.82311764,"-73.82411439699997	"
40.82326883,"-73.88808099999993	"
40.82342707,"-73.91236106499997	"
40.82406734,"-73.899800812	"
40.82408582,"-73.948885824	"
40.82481095,"-73.938685153	"
40.82512425,"-73.925402611	"
40.82525754,"-73.87362829	"
40.82547713,"-73.889681572	"
40.82578903,"-73.880427461	"
40.82580038,"-73.86345589	"
40.82601087,"-73.939601821	"
40.82621698,"-73.940100268	"
40.82626558,"-73.890439057	"
40.82677733,"-73.888851964	"
40.82682979,"-73.941537821	"
40.82691856,"-73.815009575	"
40.82711561,"-73.94803074699998	"
40.82738352,"-73.910491361	"
40.8274436,"-73.92137472499998	"
40.82747422,"-73.94597446399997	"
40.82769754,"-73.876102433	"
40.82769754,"-73.876102433	"
40.82781672,"-73.917222509	"
40.8278199,"-73.925930756	"
40.8280407,"-73.84042672199998	"
40.82804433,"-73.85789749299995	"
40.82951018,"-73.874610305	"
40.82959782,"-73.89654757799997	"
40.82986943,"-73.87946977999997	"
40.82988214,"-73.93675809999998	"
40.83053202,"-73.867955867	"
40.83090553,"-73.936052486	"
40.83123865,"-73.94322870999997	"
40.83144179,"-73.916242333	"
40.83237722,"-73.89851629999998	"
40.83263141,"-73.888444685	"
40.83263141,"-73.888444685	"
40.8326356,"-73.86894183199998	"
40.83272203,"-73.917928296	"
40.83301779,"-73.87448083	"
40.83338861,"-73.910046026	"
40.83469937,"-73.942495779	"
40.8350524,"-73.940442849	"
40.83507919,"-73.917159266	"
40.83509425,"-73.908048915	"
40.83512823,"-73.857719743	"
40.83520882,"-73.85196642099999	"
40.83540555,"-73.924783966	"
40.83550855,"-73.901225487	"
40.83577761,"-73.91893639399994	"
40.83592292,"-73.873091255	"
40.8359898,"-73.91627636	"
40.83626606,"-73.91132866299995	"
40.83629721,"-73.949237826	"
40.83633893,"-73.920941394	"
40.83645658,"-73.902521453	"
40.83653627,"-73.84699802499993	"
40.83655923,"-73.914273566	"
40.83665252,"-73.907143295	"
40.83670852,"-73.85718151099996	"
40.83684634,"-73.943726253	"
40.83700102,"-73.903706009	"
40.83752366,"-73.85495359	"
40.83757727,"-73.94546753999998	"
40.83795286,"-73.90633196	"
40.83895695,"-73.916431641	"
40.83914559,"-73.842257683	"
40.83928693,"-73.917284131	"
40.83951787,"-73.888415067	"
40.83976813,"-73.914721185	"
40.83985775,"-73.874605258	"
40.83999551,"-73.87765164	"
40.84005152,"-73.863939834	"
40.84010193,"-73.862476041	"
40.84018353,"-73.93764098	"
40.84021753,"-73.910145214	"
40.84025471,"-73.90187981299994	"
40.84040083,"-73.855514726	"
40.8409683,"-73.923595867	"
40.84182198,"-73.85946913	"
40.84252117,"-73.880773262	"
40.84261538,"-73.93772544	"
40.84287776,"-73.830202689	"
40.84306523,"-73.84853712099994	"
40.84349079,"-73.889796269	"
40.84349641,"-73.90539891	"
40.84390126,"-73.900504632	"
40.84398611,"-73.913859199	"
40.84460587,"-73.815227847	"
40.84478247,"-73.88867007999994	"
40.84522351,"-73.933960485	"
40.84523339,"-73.836366342	"
40.84611748,"-73.828994445	"
40.84623819,"-73.94261230799998	"
40.84691936,"-73.938234659	"
40.84779369,"-73.836002211	"
40.84790185,"-73.896038388	"
40.84829555,"-73.914196994	"
40.84880717,"-73.937224454	"
40.84897216,"-73.908879146	"
40.84898684,"-73.89696924099997	"
40.84918009,"-73.886465077	"
40.84956706,"-73.88368120199993	"
40.85029454,"-73.90150715799997	"
40.85044956,"-73.885125504	"
40.85045116,"-73.86388964499997	"
40.85125858,"-73.832917592	"
40.85127837,"-73.913285869	"
40.85203991,"-73.883550364	"
40.85238191,"-73.91351577099994	"
40.85257944,"-73.893695962	"
40.852842,"-73.88417430999993	"
40.85340834,"-73.864848739	"
40.85345024,"-73.891536549	"
40.8535874,"-73.90059135599995	"
40.85365846,"-73.88273420199994	"
40.85396027,"-73.900120875	"
40.85396027,"-73.90012087499997	"
40.85402067,"-73.897015665	"
40.85406257,"-73.856573108	"
40.854299,"-73.908076588	"
40.854299,"-73.908076588	"
40.85454735,"-73.913339444	"
40.85483117,"-73.911195468	"
40.85489945,"-73.891541415	"
40.85504434,"-73.93444958399994	"
40.85506422,"-73.843763477	"
40.85526057,"-73.896225703	"
40.8552914,"-73.860402229	"
40.85558982,"-73.902377735	"
40.85629614,"-73.91389025	"
40.85657673,"-73.84389367799997	"
40.85804503,"-73.904102113	"
40.85854675,"-73.851701189	"
40.85894842,"-73.922931729	"
40.85900152,"-73.905723904	"
40.86071698,"-73.899250317	"
40.86160817,"-73.898298164	"
40.86187256,"-73.912809305	"
40.86228743,"-73.899804688	"
40.8630865,"-73.925692637	"
40.8634213,"-73.93000172	"
40.86350728,"-73.904463	"
40.86399722,"-73.924889012	"
40.86399722,"-73.924889012	"
40.86402732,"-73.893406511	"
40.86591158,"-73.904390852	"
40.86641857,"-73.921556421	"
40.86667189,"-73.86348404999995	"
40.86682917,"-73.895878639	"
40.86732605,"-73.831011607	"
40.86736316,"-73.922162716	"
40.86905853,"-73.87963014799993	"
40.86976225,"-73.900975746	"
40.86992251,"-73.87905369299993	"
40.87004933,"-73.899688138	"
40.87178499,"-73.863260221	"
40.87268981,"-73.839122735	"
40.87276253,"-73.878350673	"
40.87359661,"-73.878059876	"
40.87367104,"-73.908013649	"
40.87367104,"-73.908013649	"
40.87367104,"-73.90801364899994	"
40.87414461,"-73.833395238	"
40.87419066,"-73.909115781	"
40.87482157,"-73.881481924	"
40.87513794,"-73.906145787	"
40.87683498,"-73.854086768	"
40.87687037,"-73.906794231	"
40.87698426,"-73.88966120299993	"
40.87741537,"-73.84453904	"
40.87754572,"-73.82807468	"
40.87788687,"-73.86595252	"
40.87807502,"-73.825957883	"
40.87829585,"-73.908025331	"
40.8787886,"-73.860255257	"
40.8790152,"-73.87601403699995	"
40.87992383,"-73.901814038	"
40.88007109,"-73.88585904599995	"
40.88066239,"-73.88159084799997	"
40.8821627,"-73.910981761	"
40.88247312,"-73.880853504	"
40.88377685,"-73.907836928	"
40.88458453,"-73.89888505	"
40.88561886,"-73.848364225	"
40.88596164,"-73.848135601	"
40.88613288,"-73.82741595899995	"
40.88733282,"-73.847250013	"
40.88759921,"-73.864992611	"
40.88781064,"-73.860453292	"
40.88834869,"-73.851714274	"
40.8904945,"-73.862360941	"
40.89329203,"-73.847623333	"
40.89494862,"-73.840635039	"
40.89632458,"-73.85373653	"
40.89690492,"-73.844167914	"
40.90456445,"-73.849717378	"
40.90456445,"-73.84971737799998	"
Latitude,"Longitude	"
